commodity,state,year,month,modal_price_rs_qtl,observations
Cotton,Andhra Pradesh,2024,8,7470,12
Cotton,Andhra Pradesh,2024,9,7533,21
Cotton,Andhra Pradesh,2024,10,7335,26
Cotton,Andhra Pradesh,2024,11,7233,35
Cotton,Andhra Pradesh,2024,12,7148,26
Cotton,Andhra Pradesh,2025,1,7233,20
Cotton,Andhra Pradesh,2025,2,7199,47
Cotton,Andhra Pradesh,2025,3,7236,34
Cotton,Andhra Pradesh,2025,4,7515,35
Cotton,Andhra Pradesh,2025,5,7541,48
Cotton,Andhra Pradesh,2025,6,7628,37
Cotton,Andhra Pradesh,2025,7,7854,33
Cotton,Andhra Pradesh,2025,8,7768,15
Groundnut,Andhra Pradesh,2024,8,6503,22
Groundnut,Andhra Pradesh,2024,9,6498,30
Groundnut,Andhra Pradesh,2024,10,6121,23
Groundnut,Andhra Pradesh,2024,11,6192,21
Groundnut,Andhra Pradesh,2024,12,6349,43
Groundnut,Andhra Pradesh,2025,1,5223,39
Groundnut,Andhra Pradesh,2025,2,5182,48
Groundnut,Andhra Pradesh,2025,3,5759,49
Groundnut,Andhra Pradesh,2025,4,5816,60
Groundnut,Andhra Pradesh,2025,5,5564,66
Groundnut,Andhra Pradesh,2025,6,5561,50
Groundnut,Andhra Pradesh,2025,7,5592,53
Groundnut,Andhra Pradesh,2025,8,5977,23
Maize,Andhra Pradesh,2024,8,2256,8
Maize,Andhra Pradesh,2024,9,2525,2
Maize,Andhra Pradesh,2024,10,2892,13
Maize,Andhra Pradesh,2024,11,2890,25
Maize,Andhra Pradesh,2024,12,2583,38
Maize,Andhra Pradesh,2025,1,2236,25
Maize,Andhra Pradesh,2025,2,2266,32
Maize,Andhra Pradesh,2025,3,2238,57
Maize,Andhra Pradesh,2025,4,2216,55
Maize,Andhra Pradesh,2025,5,2217,53
Maize,Andhra Pradesh,2025,6,2187,40
Maize,Andhra Pradesh,2025,7,2261,29
Maize,Andhra Pradesh,2025,8,2314,9
Soyabean,Andhra Pradesh,2024,11,3492,4
Soyabean,Andhra Pradesh,2024,12,3198,6
Soyabean,Andhra Pradesh,2025,1,3511,5
Soyabean,Andhra Pradesh,2025,2,3605,5
Soyabean,Andhra Pradesh,2025,3,3409,5
Soyabean,Andhra Pradesh,2025,4,3084,4
Soyabean,Andhra Pradesh,2025,5,3322,3
Soyabean,Andhra Pradesh,2025,7,3599,1
Apple,Gujarat,2024,8,9676,17
Apple,Gujarat,2024,9,7676,61
Apple,Gujarat,2024,10,6352,93
Apple,Gujarat,2024,11,6685,86
Apple,Gujarat,2024,12,9127,77
Apple,Gujarat,2025,1,10776,62
Apple,Gujarat,2025,2,11490,64
Apple,Gujarat,2025,3,12429,81
Apple,Gujarat,2025,4,13973,82
Apple,Gujarat,2025,5,14358,72
Apple,Gujarat,2025,6,13496,53
Apple,Gujarat,2025,7,12321,53
Apple,Gujarat,2025,8,7815,23
Cotton,Gujarat,2024,8,7095,77
Cotton,Gujarat,2024,9,7047,276
Cotton,Gujarat,2024,10,6971,408
Cotton,Gujarat,2024,11,7109,447
Cotton,Gujarat,2024,12,6990,548
Cotton,Gujarat,2025,1,7047,547
Cotton,Gujarat,2025,2,6933,481
Cotton,Gujarat,2025,3,6931,400
Cotton,Gujarat,2025,4,7009,380
Cotton,Gujarat,2025,5,6932,307
Cotton,Gujarat,2025,6,7032,228
Cotton,Gujarat,2025,7,7208,218
Cotton,Gujarat,2025,8,7198,90
Groundnut,Gujarat,2024,8,5476,82
Groundnut,Gujarat,2024,9,5247,250
Groundnut,Gujarat,2024,10,5279,313
Groundnut,Gujarat,2024,11,5475,318
Groundnut,Gujarat,2024,12,5334,378
Groundnut,Gujarat,2025,1,5326,347
Groundnut,Gujarat,2025,2,5190,306
Groundnut,Gujarat,2025,3,5114,240
Groundnut,Gujarat,2025,4,5075,276
Groundnut,Gujarat,2025,5,5106,288
Groundnut,Gujarat,2025,6,5265,326
Groundnut,Gujarat,2025,7,5138,343
Groundnut,Gujarat,2025,8,4804,121
Maize,Gujarat,2024,8,2476,82
Maize,Gujarat,2024,9,2587,193
Maize,Gujarat,2024,10,2468,221
Maize,Gujarat,2024,11,2382,186
Maize,Gujarat,2024,12,2419,202
Maize,Gujarat,2025,1,2466,162
Maize,Gujarat,2025,2,2505,146
Maize,Gujarat,2025,3,2406,153
Maize,Gujarat,2025,4,2290,206
Maize,Gujarat,2025,5,2212,223
Maize,Gujarat,2025,6,2226,201
Maize,Gujarat,2025,7,2220,209
Maize,Gujarat,2025,8,2194,81
Mustard,Gujarat,2024,8,5107,63
Mustard,Gujarat,2024,9,5513,197
Mustard,Gujarat,2024,10,5599,164
Mustard,Gujarat,2024,11,5645,120
Mustard,Gujarat,2024,12,5478,150
Mustard,Gujarat,2025,1,5380,145
Mustard,Gujarat,2025,2,5317,243
Mustard,Gujarat,2025,3,5166,300
Mustard,Gujarat,2025,4,5356,344
Mustard,Gujarat,2025,5,5502,291
Mustard,Gujarat,2025,6,5715,221
Mustard,Gujarat,2025,7,6268,233
Mustard,Gujarat,2025,8,6383,80
Soyabean,Gujarat,2024,8,4079,66
Soyabean,Gujarat,2024,9,4329,178
Soyabean,Gujarat,2024,10,4160,223
Soyabean,Gujarat,2024,11,4061,254
Soyabean,Gujarat,2024,12,3998,266
Soyabean,Gujarat,2025,1,3978,246
Soyabean,Gujarat,2025,2,3911,201
Soyabean,Gujarat,2025,3,3679,165
Soyabean,Gujarat,2025,4,3985,204
Soyabean,Gujarat,2025,5,3950,198
Soyabean,Gujarat,2025,6,3969,180
Soyabean,Gujarat,2025,7,3933,204
Soyabean,Gujarat,2025,8,4310,77
Apple,Kerala,2024,8,15699,48
Apple,Kerala,2024,9,14713,97
Apple,Kerala,2024,10,12612,97
Apple,Kerala,2024,11,13589,103
Apple,Kerala,2024,12,14322,100
Apple,Kerala,2025,1,15809,98
Apple,Kerala,2025,2,18261,91
Apple,Kerala,2025,3,18315,101
Apple,Kerala,2025,4,19240,101
Apple,Kerala,2025,5,18614,99
Apple,Kerala,2025,6,19572,95
Apple,Kerala,2025,7,21686,98
Apple,Kerala,2025,8,17813,46
Apple,Madhya Pradesh,2024,8,4000,1
Apple,Madhya Pradesh,2024,9,1550,4
Apple,Madhya Pradesh,2024,10,4920,10
Apple,Madhya Pradesh,2024,11,6737,50
Apple,Madhya Pradesh,2024,12,7700,39
Apple,Madhya Pradesh,2025,1,9029,7
Apple,Madhya Pradesh,2025,2,7482,16
Apple,Madhya Pradesh,2025,3,1475,1
Apple,Madhya Pradesh,2025,4,6036,28
Apple,Madhya Pradesh,2025,5,4930,5
Apple,Madhya Pradesh,2025,6,5200,5
Apple,Madhya Pradesh,2025,7,5655,28
Apple,Madhya Pradesh,2025,8,5399,37
Banana,Madhya Pradesh,2024,8,1601,1
Banana,Madhya Pradesh,2024,9,901,1
Banana,Madhya Pradesh,2024,10,2609,19
Banana,Madhya Pradesh,2024,11,2210,23
Banana,Madhya Pradesh,2024,12,2200,11
Banana,Madhya Pradesh,2025,1,2103,16
Banana,Madhya Pradesh,2025,2,1913,28
Banana,Madhya Pradesh,2025,3,2114,28
Banana,Madhya Pradesh,2025,4,1420,83
Banana,Madhya Pradesh,2025,5,1461,99
Banana,Madhya Pradesh,2025,6,1500,108
Banana,Madhya Pradesh,2025,7,1527,122
Banana,Madhya Pradesh,2025,8,1604,57
Cotton,Madhya Pradesh,2024,8,7125,11
Cotton,Madhya Pradesh,2024,9,5945,86
Cotton,Madhya Pradesh,2024,10,6367,140
Cotton,Madhya Pradesh,2024,11,7313,226
Cotton,Madhya Pradesh,2024,12,7241,229
Cotton,Madhya Pradesh,2025,1,7222,236
Cotton,Madhya Pradesh,2025,2,7129,198
Cotton,Madhya Pradesh,2025,3,6873,214
Cotton,Madhya Pradesh,2025,4,6944,174
Cotton,Madhya Pradesh,2025,5,6853,156
Cotton,Madhya Pradesh,2025,6,6698,56
Cotton,Madhya Pradesh,2025,7,5911,8
Cotton,Madhya Pradesh,2025,8,4870,1
Groundnut,Madhya Pradesh,2024,8,5352,44
Groundnut,Madhya Pradesh,2024,9,5391,98
Groundnut,Madhya Pradesh,2024,10,5240,187
Groundnut,Madhya Pradesh,2024,11,4763,232
Groundnut,Madhya Pradesh,2024,12,4689,253
Groundnut,Madhya Pradesh,2025,1,4580,238
Groundnut,Madhya Pradesh,2025,2,4437,207
Groundnut,Madhya Pradesh,2025,3,4750,180
Groundnut,Madhya Pradesh,2025,4,4802,183
Groundnut,Madhya Pradesh,2025,5,5041,217
Groundnut,Madhya Pradesh,2025,6,5146,211
Groundnut,Madhya Pradesh,2025,7,5285,172
Groundnut,Madhya Pradesh,2025,8,5601,58
Maize,Madhya Pradesh,2024,8,2345,190
Maize,Madhya Pradesh,2024,9,2187,378
Maize,Madhya Pradesh,2024,10,2029,814
Maize,Madhya Pradesh,2024,11,2168,904
Maize,Madhya Pradesh,2024,12,2219,837
Maize,Madhya Pradesh,2025,1,2233,758
Maize,Madhya Pradesh,2025,2,2164,620
Maize,Madhya Pradesh,2025,3,2117,595
Maize,Madhya Pradesh,2025,4,2058,596
Maize,Madhya Pradesh,2025,5,2038,638
Maize,Madhya Pradesh,2025,6,2060,554
Maize,Madhya Pradesh,2025,7,2094,536
Maize,Madhya Pradesh,2025,8,2136,228
Mustard,Madhya Pradesh,2024,8,5272,345
Mustard,Madhya Pradesh,2024,9,5706,707
Mustard,Madhya Pradesh,2024,10,5716,607
Mustard,Madhya Pradesh,2024,11,5630,528
Mustard,Madhya Pradesh,2024,12,5505,514
Mustard,Madhya Pradesh,2025,1,5401,647
Mustard,Madhya Pradesh,2025,2,5339,669
Mustard,Madhya Pradesh,2025,3,5383,758
Mustard,Madhya Pradesh,2025,4,5730,762
Mustard,Madhya Pradesh,2025,5,5851,814
Mustard,Madhya Pradesh,2025,6,5960,722
Mustard,Madhya Pradesh,2025,7,6465,712
Mustard,Madhya Pradesh,2025,8,6641,324
Soyabean,Madhya Pradesh,2024,8,4170,371
Soyabean,Madhya Pradesh,2024,9,4349,769
Soyabean,Madhya Pradesh,2024,10,4180,918
Soyabean,Madhya Pradesh,2024,11,4106,941
Soyabean,Madhya Pradesh,2024,12,4019,915
Soyabean,Madhya Pradesh,2025,1,4019,982
Soyabean,Madhya Pradesh,2025,2,3903,861
Soyabean,Madhya Pradesh,2025,3,3839,867
Soyabean,Madhya Pradesh,2025,4,4121,890
Soyabean,Madhya Pradesh,2025,5,4115,918
Soyabean,Madhya Pradesh,2025,6,4090,889
Soyabean,Madhya Pradesh,2025,7,4167,893
Soyabean,Madhya Pradesh,2025,8,4511,408
Apple,Punjab,2024,8,7354,281
Apple,Punjab,2024,9,6231,531
Apple,Punjab,2024,10,5659,493
Apple,Punjab,2024,11,6111,473
Apple,Punjab,2024,12,7015,492
Apple,Punjab,2025,1,7293,447
Apple,Punjab,2025,2,8284,408
Apple,Punjab,2025,3,9421,413
Apple,Punjab,2025,4,9815,416
Apple,Punjab,2025,5,10429,435
Apple,Punjab,2025,6,11368,377
Apple,Punjab,2025,7,10488,427
Apple,Punjab,2025,8,6927,229
Banana,Punjab,2024,8,2526,239
Banana,Punjab,2024,9,2674,441
Banana,Punjab,2024,10,2732,413
Banana,Punjab,2024,11,2610,378
Banana,Punjab,2024,12,2599,390
Banana,Punjab,2025,1,2479,367
Banana,Punjab,2025,2,2645,348
Banana,Punjab,2025,3,2811,421
Banana,Punjab,2025,4,2883,395
Banana,Punjab,2025,5,2879,426
Banana,Punjab,2025,6,2919,443
Banana,Punjab,2025,7,2824,422
Banana,Punjab,2025,8,2822,195
Cotton,Punjab,2024,9,7533,7
Cotton,Punjab,2024,10,7562,55
Cotton,Punjab,2024,11,7368,19
Cotton,Punjab,2024,12,7243,70
Cotton,Punjab,2025,1,7318,48
Cotton,Punjab,2025,2,7146,49
Cotton,Punjab,2025,3,7170,16
Cotton,Punjab,2025,4,7141,16
Maize,Punjab,2024,8,2160,25
Maize,Punjab,2024,9,2286,64
Maize,Punjab,2024,10,2476,29
Maize,Punjab,2024,11,2410,7
Maize,Punjab,2024,12,2254,11
Maize,Punjab,2025,1,2645,1
Maize,Punjab,2025,4,2428,3
Maize,Punjab,2025,5,2428,2
Maize,Punjab,2025,6,1904,107
Maize,Punjab,2025,7,1965,158
Maize,Punjab,2025,8,1974,46
Mustard,Punjab,2024,8,5409,9
Mustard,Punjab,2024,9,5683,6
Mustard,Punjab,2024,12,5622,1
Mustard,Punjab,2025,3,5695,2
Mustard,Punjab,2025,4,5666,32
Mustard,Punjab,2025,5,5809,15
Mustard,Punjab,2025,6,6100,14
Mustard,Punjab,2025,7,6381,11
Mustard,Punjab,2025,8,6664,7
Wheat,Punjab,2024,8,2370,3
Wheat,Punjab,2024,9,2418,14
Wheat,Punjab,2024,10,2523,6
Wheat,Punjab,2024,11,2568,2
Wheat,Punjab,2024,12,2976,13
Wheat,Punjab,2025,1,3050,1
Wheat,Punjab,2025,2,2909,8
Wheat,Punjab,2025,3,2825,3
Wheat,Punjab,2025,4,2426,348
Wheat,Punjab,2025,5,2426,311
Wheat,Punjab,2025,6,2445,2
Wheat,Punjab,2025,7,2526,5
Wheat,Punjab,2025,8,2536,8
Apple,Rajasthan,2024,8,8768,93
Apple,Rajasthan,2024,9,6818,147
Apple,Rajasthan,2024,10,5664,156
Apple,Rajasthan,2024,11,6249,179
Apple,Rajasthan,2024,12,6590,187
Apple,Rajasthan,2025,1,7498,178
Apple,Rajasthan,2025,2,8083,156
Apple,Rajasthan,2025,3,8631,137
Apple,Rajasthan,2025,4,9514,132
Apple,Rajasthan,2025,5,10676,138
Apple,Rajasthan,2025,6,11384,127
Apple,Rajasthan,2025,7,10492,166
Apple,Rajasthan,2025,8,8044,79
Banana,Rajasthan,2024,8,2445,87
Banana,Rajasthan,2024,9,2707,136
Banana,Rajasthan,2024,10,2786,144
Banana,Rajasthan,2024,11,2490,153
Banana,Rajasthan,2024,12,2431,168
Banana,Rajasthan,2025,1,2361,151
Banana,Rajasthan,2025,2,2635,130
Banana,Rajasthan,2025,3,2522,145
Banana,Rajasthan,2025,4,2614,129
Banana,Rajasthan,2025,5,2596,144
Banana,Rajasthan,2025,6,2604,139
Banana,Rajasthan,2025,7,2598,160
Banana,Rajasthan,2025,8,2507,80
Cotton,Rajasthan,2024,8,6000,1
Cotton,Rajasthan,2024,9,6713,41
Cotton,Rajasthan,2024,10,7466,214
Cotton,Rajasthan,2024,11,7370,238
Cotton,Rajasthan,2024,12,7147,272
Cotton,Rajasthan,2025,1,7168,232
Cotton,Rajasthan,2025,2,7078,140
Cotton,Rajasthan,2025,3,7080,119
Cotton,Rajasthan,2025,4,7316,49
Cotton,Rajasthan,2025,5,7642,25
Cotton,Rajasthan,2025,6,7890,7
Cotton,Rajasthan,2025,7,7610,1
Cotton,Rajasthan,2025,8,5110,1
Groundnut,Rajasthan,2024,8,4833,30
Groundnut,Rajasthan,2024,9,4641,102
Groundnut,Rajasthan,2024,10,5074,244
Groundnut,Rajasthan,2024,11,5011,293
Groundnut,Rajasthan,2024,12,4811,327
Groundnut,Rajasthan,2025,1,4713,246
Groundnut,Rajasthan,2025,2,4692,154
Groundnut,Rajasthan,2025,3,4747,115
Groundnut,Rajasthan,2025,4,4978,65
Groundnut,Rajasthan,2025,5,4883,108
Groundnut,Rajasthan,2025,6,4728,118
Groundnut,Rajasthan,2025,7,4854,108
Groundnut,Rajasthan,2025,8,4715,31
Maize,Rajasthan,2024,8,2485,101
Maize,Rajasthan,2024,9,2400,204
Maize,Rajasthan,2024,10,2253,267
Maize,Rajasthan,2024,11,2423,311
Maize,Rajasthan,2024,12,2470,327
Maize,Rajasthan,2025,1,2484,290
Maize,Rajasthan,2025,2,2385,244
Maize,Rajasthan,2025,3,2305,223
Maize,Rajasthan,2025,4,2219,164
Maize,Rajasthan,2025,5,2140,180
Maize,Rajasthan,2025,6,2125,189
Maize,Rajasthan,2025,7,2196,177
Maize,Rajasthan,2025,8,2214,71
Mustard,Rajasthan,2024,8,5475,338
Mustard,Rajasthan,2024,9,5946,738
Mustard,Rajasthan,2024,10,5989,654
Mustard,Rajasthan,2024,11,5915,611
Mustard,Rajasthan,2024,12,5785,673
Mustard,Rajasthan,2025,1,5688,654
Mustard,Rajasthan,2025,2,5487,593
Mustard,Rajasthan,2025,3,5501,769
Mustard,Rajasthan,2025,4,5719,886
Mustard,Rajasthan,2025,5,5896,912
Mustard,Rajasthan,2025,6,6135,790
Mustard,Rajasthan,2025,7,6589,753
Mustard,Rajasthan,2025,8,6693,329
Soyabean,Rajasthan,2024,8,4166,74
Soyabean,Rajasthan,2024,9,4351,146
Soyabean,Rajasthan,2024,10,4223,175
Soyabean,Rajasthan,2024,11,4180,193
Soyabean,Rajasthan,2024,12,4083,201
Soyabean,Rajasthan,2025,1,4127,172
Soyabean,Rajasthan,2025,2,3995,151
Soyabean,Rajasthan,2025,3,3862,151
Soyabean,Rajasthan,2025,4,4142,144
Soyabean,Rajasthan,2025,5,4059,170
Soyabean,Rajasthan,2025,6,4091,157
Soyabean,Rajasthan,2025,7,4147,169
Soyabean,Rajasthan,2025,8,4466,77
Wheat,Rajasthan,2024,8,2578,308
Wheat,Rajasthan,2024,9,2605,681
Wheat,Rajasthan,2024,10,2695,620
Wheat,Rajasthan,2024,11,2788,581
Wheat,Rajasthan,2024,12,2810,627
Wheat,Rajasthan,2025,1,2977,616
Wheat,Rajasthan,2025,2,2944,502
Wheat,Rajasthan,2025,3,2637,572
Wheat,Rajasthan,2025,4,2488,773
Wheat,Rajasthan,2025,5,2503,841
Wheat,Rajasthan,2025,6,2476,727
Wheat,Rajasthan,2025,7,2511,725
Wheat,Rajasthan,2025,8,2577,324
Apple,Uttar Pradesh,2024,8,8439,1024
Apple,Uttar Pradesh,2024,9,7560,1860
Apple,Uttar Pradesh,2024,10,6639,1874
Apple,Uttar Pradesh,2024,11,6821,1762
Apple,Uttar Pradesh,2024,12,7279,1849
Apple,Uttar Pradesh,2025,1,7604,1873
Apple,Uttar Pradesh,2025,2,7828,1747
Apple,Uttar Pradesh,2025,3,8321,1779
Apple,Uttar Pradesh,2025,4,9154,1802
Apple,Uttar Pradesh,2025,5,10153,1891
Apple,Uttar Pradesh,2025,6,11226,1816
Apple,Uttar Pradesh,2025,7,12090,1918
Apple,Uttar Pradesh,2025,8,9859,852
Banana,Uttar Pradesh,2024,8,2569,662
Banana,Uttar Pradesh,2024,9,2584,1209
Banana,Uttar Pradesh,2024,10,2658,1207
Banana,Uttar Pradesh,2024,11,2543,1125
Banana,Uttar Pradesh,2024,12,2488,1183
Banana,Uttar Pradesh,2025,1,2437,1216
Banana,Uttar Pradesh,2025,2,2519,1145
Banana,Uttar Pradesh,2025,3,2605,1204
Banana,Uttar Pradesh,2025,4,2591,1226
Banana,Uttar Pradesh,2025,5,2544,1233
Banana,Uttar Pradesh,2025,6,2558,1181
Banana,Uttar Pradesh,2025,7,2521,1272
Banana,Uttar Pradesh,2025,8,2502,577
Cotton,Uttar Pradesh,2024,11,7594,11
Cotton,Uttar Pradesh,2024,12,6600,1
Groundnut,Uttar Pradesh,2024,8,4641,110
Groundnut,Uttar Pradesh,2024,9,4592,198
Groundnut,Uttar Pradesh,2024,10,4968,184
Groundnut,Uttar Pradesh,2024,11,5303,179
Groundnut,Uttar Pradesh,2024,12,5400,215
Groundnut,Uttar Pradesh,2025,1,5467,200
Groundnut,Uttar Pradesh,2025,2,5332,151
Groundnut,Uttar Pradesh,2025,3,5293,118
Groundnut,Uttar Pradesh,2025,4,5271,113
Groundnut,Uttar Pradesh,2025,5,5289,93
Groundnut,Uttar Pradesh,2025,6,5465,134
Groundnut,Uttar Pradesh,2025,7,5331,222
Groundnut,Uttar Pradesh,2025,8,5712,92
Maize,Uttar Pradesh,2024,8,2282,447
Maize,Uttar Pradesh,2024,9,2327,739
Maize,Uttar Pradesh,2024,10,2382,705
Maize,Uttar Pradesh,2024,11,2392,634
Maize,Uttar Pradesh,2024,12,2388,661
Maize,Uttar Pradesh,2025,1,2421,688
Maize,Uttar Pradesh,2025,2,2423,632
Maize,Uttar Pradesh,2025,3,2408,628
Maize,Uttar Pradesh,2025,4,2368,632
Maize,Uttar Pradesh,2025,5,2344,646
Maize,Uttar Pradesh,2025,6,2191,758
Maize,Uttar Pradesh,2025,7,2128,817
Maize,Uttar Pradesh,2025,8,2178,356
Mustard,Uttar Pradesh,2024,8,5555,504
Mustard,Uttar Pradesh,2024,9,5698,890
Mustard,Uttar Pradesh,2024,10,5968,894
Mustard,Uttar Pradesh,2024,11,5966,877
Mustard,Uttar Pradesh,2024,12,5934,918
Mustard,Uttar Pradesh,2025,1,5907,944
Mustard,Uttar Pradesh,2025,2,5830,874
Mustard,Uttar Pradesh,2025,3,5734,839
Mustard,Uttar Pradesh,2025,4,5880,943
Mustard,Uttar Pradesh,2025,5,6063,968
Mustard,Uttar Pradesh,2025,6,6203,872
Mustard,Uttar Pradesh,2025,7,6471,950
Mustard,Uttar Pradesh,2025,8,6750,407
Soyabean,Uttar Pradesh,2024,8,4037,7
Soyabean,Uttar Pradesh,2024,9,4217,27
Soyabean,Uttar Pradesh,2024,10,4303,29
Soyabean,Uttar Pradesh,2024,11,4337,26
Soyabean,Uttar Pradesh,2024,12,4131,29
Soyabean,Uttar Pradesh,2025,1,4127,11
Soyabean,Uttar Pradesh,2025,2,4089,18
Soyabean,Uttar Pradesh,2025,3,3922,23
Soyabean,Uttar Pradesh,2025,4,4118,23
Soyabean,Uttar Pradesh,2025,5,4104,21
Soyabean,Uttar Pradesh,2025,6,4089,26
Soyabean,Uttar Pradesh,2025,7,4032,25
Soyabean,Uttar Pradesh,2025,8,4361,10
Wheat,Uttar Pradesh,2024,8,2487,1010
Wheat,Uttar Pradesh,2024,9,2538,1794
Wheat,Uttar Pradesh,2024,10,2659,1824
Wheat,Uttar Pradesh,2024,11,2741,1705
Wheat,Uttar Pradesh,2024,12,2760,1788
Wheat,Uttar Pradesh,2025,1,2841,1826
Wheat,Uttar Pradesh,2025,2,2864,1689
Wheat,Uttar Pradesh,2025,3,2805,1721
Wheat,Uttar Pradesh,2025,4,2463,1830
Wheat,Uttar Pradesh,2025,5,2459,1914
Wheat,Uttar Pradesh,2025,6,2491,1809
Wheat,Uttar Pradesh,2025,7,2501,1873
Wheat,Uttar Pradesh,2025,8,2524,846
Apple,West Bengal,2024,8,19812,16
Apple,West Bengal,2024,9,19900,30
Apple,West Bengal,2024,10,17000,29
Apple,West Bengal,2024,11,14800,30
Apple,West Bengal,2024,12,13185,27
Apple,West Bengal,2025,1,11167,30
Apple,West Bengal,2025,2,12107,28
Apple,West Bengal,2025,3,12968,31
Apple,West Bengal,2025,4,13429,28
Apple,West Bengal,2025,5,15000,29
Apple,West Bengal,2025,6,18976,21
Apple,West Bengal,2025,7,21893,28
Apple,West Bengal,2025,8,18167,12
Banana,West Bengal,2024,8,2400,16
Banana,West Bengal,2024,9,2400,30
Banana,West Bengal,2024,10,2400,31
Banana,West Bengal,2024,11,2271,28
Banana,West Bengal,2024,12,2100,30
Banana,West Bengal,2025,1,2220,30
Banana,West Bengal,2025,2,2300,28
Banana,West Bengal,2025,3,2300,30
Banana,West Bengal,2025,4,1955,30
Banana,West Bengal,2025,5,1900,31
Banana,West Bengal,2025,6,1900,28
Banana,West Bengal,2025,7,1900,30
Banana,West Bengal,2025,8,1900,13
Groundnut,West Bengal,2024,8,11447,15
Groundnut,West Bengal,2024,9,11323,28
Groundnut,West Bengal,2024,10,11354,26
Groundnut,West Bengal,2024,11,11375,4
Mustard,West Bengal,2024,8,5861,113
Mustard,West Bengal,2024,9,5956,182
Mustard,West Bengal,2024,10,6015,179
Mustard,West Bengal,2024,11,6016,170
Mustard,West Bengal,2024,12,5967,190
Mustard,West Bengal,2025,1,6006,208
Mustard,West Bengal,2025,2,5991,191
Mustard,West Bengal,2025,3,5895,211
Mustard,West Bengal,2025,4,6094,203
Mustard,West Bengal,2025,5,6185,205
Mustard,West Bengal,2025,6,6328,194
Mustard,West Bengal,2025,7,6560,204
Mustard,West Bengal,2025,8,6739,96
Wheat,West Bengal,2024,8,2556,98
Wheat,West Bengal,2024,9,2572,170
Wheat,West Bengal,2024,10,2585,171
Wheat,West Bengal,2024,11,2659,165
Wheat,West Bengal,2024,12,2674,181
Wheat,West Bengal,2025,1,2627,163
Wheat,West Bengal,2025,2,2732,162
Wheat,West Bengal,2025,3,2730,177
Wheat,West Bengal,2025,4,2767,173
Wheat,West Bengal,2025,5,2757,180
Wheat,West Bengal,2025,6,2802,151
Wheat,West Bengal,2025,7,2818,181
Wheat,West Bengal,2025,8,2839,79
